1,abdullah  ,1234      ,Abdullah  ,Elsheikh  ,abdullahsalah96@outlook.com,,
6,mahmou,1111,mah,elkara,mahmoudelkarargy@gmail.com,,
8,Annabelle564,1914,Annabelle,Buck,Annabelle564.Buck@gmail.com,,
9,Sharleen653,8260,Sharleen,Mel,Sharleen653.Mel@gmail.com,,
10,Earnestine836,1259,Earnestine,Seymour,Earnestine836.Seymour@gmail.com,,
11,Marvis452,2819,Marvis,Jonah,Marvis452.Jonah@gmail.com,,
12,Jeniffer454,9060,Jeniffer,Margarito,Jeniffer454.Margarito@gmail.com,,
13,Marcell275,3146,Marcell,Darrick,Marcell275.Darrick@gmail.com,,
14,Alvin855,1894,Alvin,Geoffrey,Alvin855.Geoffrey@gmail.com,,
15,Shantay651,6797,Shantay,Greg,Shantay651.Greg@gmail.com,,
16,Hermila172,9104,Hermila,Danny,Hermila172.Danny@gmail.com,,
17,Minna390,3173,Minna,Jarrett ,Minna390.Jarrett @gmail.com,,
18,Madelaine256,3599,Madelaine,Rodrick,Madelaine256.Rodrick@gmail.com,,
19,Syreeta806,9742,Syreeta,Sang,Syreeta806.Sang@gmail.com,,
20,Anjelica282,8334,Anjelica,Cletus,Anjelica282.Cletus@gmail.com,,
21,Edwin842,1944,Edwin,Dallas,Edwin842.Dallas@gmail.com,,
22,Len635,4545,Len,Lonnie,Len635.Lonnie@gmail.com,,
23,Alexis249,2026,Alexis,Jordon,Alexis249.Jordon@gmail.com,,
24,Courtney347,9885,Courtney,Jeramy,Courtney347.Jeramy@gmail.com,,
25,Hollie583,3233,Hollie,Dannie,Hollie583.Dannie@gmail.com,,
26,Amanda233,1669,Amanda,Will,Amanda233.Will@gmail.com,,
27,Username,Password,First Name,Last Name,Email,,
